id,first_name,last_name,email,gender,ip_address
1,Niles,Feltoe,nfeltoe0@google.com,Male,253.116.143.167
2,Stanislaw,Phipps,sphipps1@dyndns.org,Male,195.145.185.16
3,Leone,Bleesing,lbleesing2@nps.gov,Female,153.216.44.206
4,Vince,Baudinelli,vbaudinelli3@nature.com,Genderqueer,70.93.32.111
5,Erin,Bondesen,ebondesen4@epa.gov,Male,103.244.101.253
6,Gris,Jefferd,gjefferd5@amazon.com,Male,146.132.114.163
7,Flem,Manjot,fmanjot6@g.co,Male,38.237.129.14
8,David,Moatt,dmoatt7@hhs.gov,Male,62.182.223.154
9,Jerrine,Goodacre,jgoodacre8@icio.us,Female,170.9.153.41
10,Hanni,Mallord,hmallord9@gmpg.org,Female,91.159.154.221
11,Lincoln,Wilstead,lwilsteada@usnews.com,Genderfluid,227.122.24.34
12,Haslett,Broomhead,hbroomheadb@yahoo.co.jp,Male,200.236.175.208
13,Malchy,Spires,mspiresc@loc.gov,Male,222.61.84.27
14,Hollis,Planque,hplanqued@ehow.com,Genderfluid,184.89.215.41
15,Dorris,Bunney,dbunneye@is.gd,Female,211.137.139.253
16,Chrysler,Vowden,cvowdenf@xrea.com,Female,164.177.71.120
17,Celle,Kittoe,ckittoeg@xing.com,Female,102.250.158.186
18,Prinz,Haldane,phaldaneh@archive.org,Male,61.41.227.83
19,Ernesto,Roadnight,eroadnighti@hp.com,Male,9.238.198.250
20,Micheline,Rayman,mraymanj@ft.com,Female,148.215.245.233
21,Felizio,Roseveare,frosevearek@jimdo.com,Male,222.18.104.172
22,Culver,Hunston,chunstonl@newyorker.com,Male,35.178.134.230
23,Mohandis,Westmoreland,mwestmorelandm@nih.gov,Male,254.1.82.43
24,Linea,Pickavance,lpickavancen@drupal.org,Female,82.41.79.149
25,Kingston,Danilowicz,kdanilowiczo@biblegateway.com,Male,47.75.59.250
26,Dorelia,Corre,dcorrep@chronoengine.com,Female,213.91.182.209
27,Bearnard,Yglesia,byglesiaq@about.me,Male,208.21.75.239
28,Jazmin,Wheelhouse,jwheelhouser@foxnews.com,Female,173.152.243.21
29,Sharai,Gillitt,sgillitts@cmu.edu,Female,247.103.179.67
30,Conn,Baxstare,cbaxstaret@wikispaces.com,Male,173.26.215.197
31,Madelaine,Waddam,mwaddamu@blog.com,Female,106.95.83.240
32,Jackie,Hounihan,jhounihanv@alibaba.com,Male,165.107.182.214
33,Fairfax,Kochl,fkochlw@pcworld.com,Male,191.180.137.2
34,Chevalier,Sawfoot,csawfootx@cocolog-nifty.com,Male,234.179.96.192
35,Darla,Crus,dcrusy@webmd.com,Female,111.95.124.103
36,Carmina,MacInerney,cmacinerneyz@51.la,Female,158.105.223.217
37,Barbabra,Ennals,bennals10@altervista.org,Female,2.250.43.65
38,Levey,Maddy,lmaddy11@shareasale.com,Male,175.179.27.100
39,Carly,Greeno,cgreeno12@telegraph.co.uk,Female,201.15.211.91
40,Rudolph,La Rosa,rlarosa13@salon.com,Male,169.234.231.13
41,Tildie,Bolam,tbolam14@altervista.org,Female,46.94.197.184
42,Emmy,Gillian,egillian15@i2i.jp,Male,165.70.25.25
43,Jay,Ivashov,jivashov16@istockphoto.com,Male,73.169.37.63
44,Darrell,Hassall,dhassall17@cbslocal.com,Male,240.250.113.132
45,Any,Peschmann,apeschmann18@biglobe.ne.jp,Male,152.234.132.3
46,Cynthy,Wrigglesworth,cwrigglesworth19@tripod.com,Female,208.187.46.138
47,Lexie,Dmtrovic,ldmtrovic1a@eventbrite.com,Female,61.162.30.97
48,Kev,Deware,kdeware1b@wordpress.org,Male,56.192.204.188
49,Benedikt,Lander,blander1c@toplist.cz,Male,172.240.36.48
50,Elsinore,Klejin,eklejin1d@trellian.com,Female,127.135.56.28
51,Brynne,Martinon,bmartinon1e@unc.edu,Female,104.92.150.10
52,Hoebart,Whiteway,hwhiteway1f@hugedomains.com,Male,49.208.13.68
53,Ruby,Warboys,rwarboys1g@privacy.gov.au,Male,216.134.65.9
54,Lorens,Bortoluzzi,lbortoluzzi1h@live.com,Genderfluid,216.36.180.65
55,Domeniga,Bernardini,dbernardini1i@chicagotribune.com,Female,34.159.116.33
56,Fania,Hurleston,fhurleston1j@blog.com,Female,177.10.56.175
57,Liliane,Ravillas,lravillas1k@time.com,Female,166.91.148.10
58,Nickolaus,Selley,nselley1l@vistaprint.com,Male,210.1.71.45
59,Bernie,Thatcher,bthatcher1m@timesonline.co.uk,Male,188.124.211.236
60,Ciel,Satterley,csatterley1n@jugem.jp,Polygender,224.131.197.23
61,Shellysheldon,McFaul,smcfaul1o@shop-pro.jp,Male,73.60.162.207
62,Luigi,Snodden,lsnodden1p@nydailynews.com,Male,109.54.150.143
63,Tessi,Morena,tmorena1q@vimeo.com,Female,226.151.115.61
64,Roseline,Biaggelli,rbiaggelli1r@bizjournals.com,Female,44.223.127.196
65,Mufinella,March,mmarch1s@bbc.co.uk,Female,13.228.210.253
66,Nanete,Mordue,nmordue1t@washingtonpost.com,Non-binary,92.25.88.215
67,Clementius,Overill,coverill1u@freewebs.com,Male,30.86.17.96
68,Fanchette,Simonaitis,fsimonaitis1v@bloomberg.com,Female,253.56.85.101
69,Milly,Isakovic,misakovic1w@github.com,Female,41.67.169.201
70,Terence,Bonson,tbonson1x@xinhuanet.com,Polygender,215.77.88.244
71,Lilas,McMichael,lmcmichael1y@hatena.ne.jp,Female,201.242.74.217
72,Lyndsie,Weddell,lweddell1z@163.com,Female,13.228.43.196
73,Ursa,Bassick,ubassick20@cam.ac.uk,Female,36.207.168.29
74,Salem,Swinden,sswinden21@behance.net,Male,183.42.101.151
75,Hamid,Keson,hkeson22@stanford.edu,Male,165.229.123.22
76,Parry,Rottger,prottger23@ifeng.com,Agender,165.254.144.159
77,Delinda,Blackaller,dblackaller24@toplist.cz,Female,220.162.249.157
78,Matthias,Milliken,mmilliken25@cbsnews.com,Male,147.21.85.31
79,Errol,Hagley,ehagley26@apache.org,Male,181.42.100.168
80,Whitney,Wethered,wwethered27@redcross.org,Male,23.216.14.104
81,Sheri,Dover,sdover28@census.gov,Female,122.227.148.96
82,Priscilla,Jocic,pjocic29@elpais.com,Female,73.210.201.13
83,Allayne,Spore,aspore2a@whitehouse.gov,Male,213.87.56.121
84,Cordell,Pallent,cpallent2b@etsy.com,Genderqueer,52.7.144.130
85,Frayda,McConigal,fmcconigal2c@ibm.com,Female,68.15.180.6
86,Donia,McEwen,dmcewen2d@bing.com,Female,32.239.198.29
87,Demetria,Tibb,dtibb2e@yellowbook.com,Female,114.85.64.25
88,Ikey,Thurby,ithurby2f@barnesandnoble.com,Male,42.197.107.69
89,Andie,Sheringham,asheringham2g@github.io,Female,132.46.244.38
90,Xenia,Jeaycock,xjeaycock2h@earthlink.net,Female,144.198.127.221
91,Jorey,Stoggell,jstoggell2i@narod.ru,Female,28.25.224.159
92,Winny,Kale,wkale2j@hhs.gov,Polygender,53.192.209.116
93,Glenine,Lownsbrough,glownsbrough2k@so-net.ne.jp,Female,210.218.67.47
94,Inge,Worling,iworling2l@reverbnation.com,Agender,0.4.210.31
95,Lindsay,Danilishin,ldanilishin2m@hc360.com,Female,57.19.86.201
96,Sonnie,Ommanney,sommanney2n@amazon.com,Female,182.8.58.103
97,Sutton,Bridal,sbridal2o@cbsnews.com,Male,143.102.245.72
98,Feliza,Prawle,fprawle2p@nps.gov,Female,104.235.49.23
99,Abran,Twentyman,atwentyman2q@meetup.com,Male,78.55.100.46
100,Jeremias,Antill,jantill2r@imageshack.us,Male,209.201.230.86
101,Deonne,Boullin,dboullin2s@cpanel.net,Female,58.226.65.112
102,Karlens,Ivison,kivison2t@dell.com,Male,116.149.25.109
103,Georgette,Pavek,gpavek2u@bbb.org,Female,206.53.149.131
104,Aland,Milkins,amilkins2v@t-online.de,Male,127.59.184.192
105,Filmer,Keigher,fkeigher2w@google.es,Male,25.127.97.247
106,Mitzi,Arnot,marnot2x@pen.io,Female,219.225.58.89
107,Sutherlan,Belderfield,sbelderfield2y@hp.com,Male,67.105.159.218
108,Yelena,Chilvers,ychilvers2z@craigslist.org,Female,59.235.4.252
109,Stephannie,Carp,scarp30@photobucket.com,Female,67.104.16.56
110,Justen,Fierman,jfierman31@weebly.com,Male,244.18.103.223
111,Stormy,Fleetwood,sfleetwood32@nba.com,Female,190.19.233.13
112,Leland,Tonner,ltonner33@blogs.com,Female,2.247.113.4
113,Umberto,Attrie,uattrie34@woothemes.com,Bigender,96.80.6.176
114,Abel,Kornousek,akornousek35@vistaprint.com,Male,8.24.182.203
115,Pernell,Challis,pchallis36@nbcnews.com,Male,164.162.12.204
116,Rodd,Heasley,rheasley37@wsj.com,Male,88.41.242.148
117,Kassi,Westmerland,kwestmerland38@census.gov,Female,155.204.109.63
118,Monty,Montier,mmontier39@furl.net,Male,144.166.118.207
119,Mandi,Furlonge,mfurlonge3a@1688.com,Female,141.86.128.31
120,Lynna,Mollnar,lmollnar3b@auda.org.au,Female,147.2.36.196
121,Tremaine,Aleksandrev,taleksandrev3c@yelp.com,Male,181.115.148.69
122,Margaux,Longmead,mlongmead3d@bloomberg.com,Female,99.54.103.211
123,Dot,Nail,dnail3e@umn.edu,Female,170.202.210.84
124,Reggy,Gerring,rgerring3f@etsy.com,Male,187.39.160.154
125,Lorrie,McDermott-Row,lmcdermottrow3g@printfriendly.com,Male,253.236.247.181
126,Jordan,Farlam,jfarlam3h@oakley.com,Female,6.56.211.72
127,Kristo,Stannus,kstannus3i@livejournal.com,Male,24.167.173.228
128,Trisha,Gait,tgait3j@stumbleupon.com,Female,16.163.211.127
129,Si,Balducci,sbalducci3k@wp.com,Male,108.61.239.72
130,Yehudi,Sweatland,ysweatland3l@quantcast.com,Male,13.176.175.156
131,Aurelie,Steedman,asteedman3m@taobao.com,Female,225.80.159.204
132,Rafferty,Veronique,rveronique3n@ovh.net,Male,190.140.187.154
133,Cherise,Hewson,chewson3o@last.fm,Female,132.56.21.65
134,Forest,Liddyard,fliddyard3p@amazon.co.uk,Male,154.24.236.105
135,Stacee,Fuente,sfuente3q@skype.com,Male,91.147.116.151
136,Sayers,Sunderland,ssunderland3r@behance.net,Male,126.62.143.220
137,Dag,Johnston,djohnston3s@networksolutions.com,Male,156.118.193.130
138,Teddie,Passler,tpassler3t@wikia.com,Female,104.233.74.132
139,Edithe,Bradneck,ebradneck3u@about.com,Female,46.8.122.18
140,Kipp,Piscopiello,kpiscopiello3v@dedecms.com,Male,75.146.247.233
141,Xenos,Godball,xgodball3w@photobucket.com,Male,214.231.50.205
142,Brig,Gosz,bgosz3x@dedecms.com,Male,193.255.91.211
143,Dorolice,Thorndale,dthorndale3y@t.co,Female,100.144.103.180
144,Colly,Cope,ccope3z@moonfruit.com,Female,147.164.220.104
145,Benton,Layton,blayton40@admin.ch,Male,24.3.174.243
146,Rutter,Maypes,rmaypes41@vinaora.com,Male,149.247.183.233
147,Betteann,Cowhig,bcowhig42@cnet.com,Female,14.252.22.230
148,Salli,Burthom,sburthom43@ezinearticles.com,Female,173.23.90.130
149,Grannie,Draycott,gdraycott44@google.de,Male,108.218.104.250
150,Saundra,Airy,sairy45@hostgator.com,Female,92.179.217.228
151,Gwenore,Ogley,gogley46@salon.com,Female,183.50.206.203
152,Eula,Fortun,efortun47@livejournal.com,Non-binary,140.197.32.185
153,Bria,Demogeot,bdemogeot48@wordpress.com,Female,93.66.65.43
154,Sean,Meyer,smeyer49@discovery.com,Female,203.61.36.12
155,Shanon,Kellard,skellard4a@cbsnews.com,Female,133.66.177.189
156,Marna,Pedycan,mpedycan4b@bbb.org,Female,227.57.158.173
157,Falkner,Reeve,freeve4c@infoseek.co.jp,Male,143.169.59.74
158,Madison,Ramelot,mramelot4d@e-recht24.de,Male,170.17.121.240
159,Ganny,Derx,gderx4e@newyorker.com,Male,231.239.247.229
160,Levy,Banasiak,lbanasiak4f@princeton.edu,Male,248.167.124.64
161,Giselbert,Saffell,gsaffell4g@spotify.com,Male,204.157.125.2
162,Patty,Adshede,padshede4h@jimdo.com,Male,120.226.107.153
163,Reece,Le Brum,rlebrum4i@prnewswire.com,Male,176.178.169.247
164,Tamara,Drugan,tdrugan4j@berkeley.edu,Female,195.202.43.82
165,Elsi,McLarens,emclarens4k@wikia.com,Female,131.147.240.197
166,Lauryn,Torricella,ltorricella4l@ibm.com,Female,147.131.194.93
167,Ashley,Taill,ataill4m@instagram.com,Male,111.210.165.59
168,Charley,Heindle,cheindle4n@sun.com,Male,138.178.51.216
169,Colby,Robjents,crobjents4o@spiegel.de,Male,10.32.191.95
170,Marty,Abramov,mabramov4p@networksolutions.com,Male,35.91.169.192
171,Wendel,Durrell,wdurrell4q@archive.org,Male,183.252.131.40
172,Elysee,Rowsell,erowsell4r@feedburner.com,Female,42.255.47.58
173,Buck,Sterland,bsterland4s@bbc.co.uk,Male,125.181.87.226
174,Daune,Littleton,dlittleton4t@newyorker.com,Genderfluid,189.56.150.43
175,Adlai,Philps,aphilps4u@sogou.com,Male,242.99.106.141
176,Dolli,Locock,dlocock4v@reuters.com,Female,21.180.13.22
177,Jeannette,Coaten,jcoaten4w@free.fr,Female,79.38.233.11
178,Reggis,Carrabot,rcarrabot4x@g.co,Male,119.202.90.53
179,Aldin,Salvadori,asalvadori4y@toplist.cz,Male,31.190.47.165
180,Chloette,Twoohy,ctwoohy4z@tinypic.com,Female,32.76.205.176
181,Tymon,Ivanaev,tivanaev50@spotify.com,Male,111.184.77.138
182,Currie,Poundford,cpoundford51@comsenz.com,Male,32.192.114.114
183,Benni,Cornuau,bcornuau52@hc360.com,Female,59.97.183.55
184,Marieann,Bertie,mbertie53@tuttocitta.it,Female,153.103.234.155
185,Carroll,Scutter,cscutter54@linkedin.com,Male,35.128.158.18
186,Rhoda,McLise,rmclise55@mediafire.com,Female,48.142.235.244
187,Farrah,Venneur,fvenneur56@java.com,Female,176.14.92.54
188,Jerrylee,Denny,jdenny57@amazon.com,Female,130.99.107.166
189,Seumas,Pirrie,spirrie58@tinypic.com,Male,243.18.215.116
190,Whitman,Swiggs,wswiggs59@yandex.ru,Male,112.159.211.71
191,Rowney,Fellgett,rfellgett5a@meetup.com,Male,231.235.156.35
192,Lin,Ternent,lternent5b@a8.net,Agender,243.117.67.222
193,Nikaniki,Vanderplas,nvanderplas5c@yellowbook.com,Genderqueer,192.163.222.86
194,Neysa,Davenhill,ndavenhill5d@lycos.com,Female,198.151.18.22
195,Curtis,Sinfield,csinfield5e@bandcamp.com,Male,218.99.180.228
196,Luce,McIlmorie,lmcilmorie5f@independent.co.uk,Female,134.132.213.181
197,Zackariah,Stork,zstork5g@epa.gov,Male,184.242.155.238
198,Drake,Iiannoni,diiannoni5h@facebook.com,Male,55.254.91.176
199,Ransell,Draper,rdraper5i@mlb.com,Male,232.46.158.13
200,Lorry,Brugemann,lbrugemann5j@epa.gov,Female,61.104.100.244
201,Sheilah,Leah,sleah5k@wisc.edu,Female,162.18.102.195
202,Stavro,Titterell,stitterell5l@blogspot.com,Non-binary,131.143.127.91
203,Alasteir,Wendover,awendover5m@sphinn.com,Male,90.27.36.56
204,Kimbell,Oake,koake5n@narod.ru,Male,97.32.149.6
205,Lazare,Oswald,loswald5o@cdc.gov,Male,57.151.41.241
206,Riki,MacAllister,rmacallister5p@ifeng.com,Female,251.5.159.237
207,Barbra,Rowth,browth5q@ask.com,Female,28.19.112.150
208,Elihu,McCallum,emccallum5r@buzzfeed.com,Male,115.156.88.86
209,Monte,Spurrett,mspurrett5s@facebook.com,Male,169.227.210.190
210,Keir,Shippard,kshippard5t@oracle.com,Male,103.243.214.182
211,Rodge,Dedrick,rdedrick5u@theguardian.com,Male,13.67.234.174
212,Kameko,Willcot,kwillcot5v@businessinsider.com,Female,175.198.29.96
213,Cynthea,Brislan,cbrislan5w@jimdo.com,Female,180.29.31.48
214,Kimmy,Fantini,kfantini5x@rediff.com,Female,220.139.171.145
215,Donielle,Natt,dnatt5y@fc2.com,Female,86.251.199.133
216,Kaleb,Phipp,kphipp5z@aboutads.info,Male,36.64.201.72
217,Quentin,Rainsbury,qrainsbury60@plala.or.jp,Female,75.229.67.196
218,Seth,Brion,sbrion61@kickstarter.com,Male,112.253.133.203
219,Wat,Benini,wbenini62@uiuc.edu,Male,54.172.194.154
220,Fanny,Bumpus,fbumpus63@yelp.com,Female,111.102.248.160
221,Benyamin,Scoterbosh,bscoterbosh64@whitehouse.gov,Male,109.205.193.101
222,Emerson,Chaston,echaston65@photobucket.com,Male,204.96.119.24
223,Zacharias,Meyrick,zmeyrick66@mysql.com,Genderfluid,20.83.252.232
224,Francisca,Skea,fskea67@ftc.gov,Female,242.244.50.255
225,Catlee,Bickerdyke,cbickerdyke68@dmoz.org,Bigender,120.141.181.161
226,Whitaker,Sagar,wsagar69@fastcompany.com,Male,48.115.65.48
227,Reiko,Harcourt,rharcourt6a@admin.ch,Female,84.225.179.220
228,Jaymie,Dubbin,jdubbin6b@biglobe.ne.jp,Male,213.198.74.254
229,Tonye,Christene,tchristene6c@mail.ru,Female,24.4.166.94
230,Philis,Maden,pmaden6d@skyrock.com,Female,24.104.198.255
231,Adrian,Samudio,asamudio6e@wordpress.org,Female,45.97.232.138
232,Bonnie,Lawlie,blawlie6f@latimes.com,Female,38.212.220.136
233,Chaddy,Crosfeld,ccrosfeld6g@ocn.ne.jp,Male,42.33.123.7
234,Eadmund,Perrie,eperrie6h@google.co.jp,Polygender,181.65.225.146
235,Peter,O'Duane,poduane6i@discovery.com,Male,220.10.113.226
236,Erny,Dyers,edyers6j@slate.com,Male,32.166.117.210
237,Madelina,Capenor,mcapenor6k@4shared.com,Agender,174.174.14.127
238,Corella,Annion,cannion6l@slashdot.org,Female,36.57.161.204
239,Deloris,Ledley,dledley6m@nyu.edu,Female,105.98.154.148
240,Aggy,Punt,apunt6n@gmpg.org,Female,76.20.209.197
241,Sigismund,Christofle,schristofle6o@myspace.com,Male,136.131.241.56
242,Oliver,Domnin,odomnin6p@1688.com,Male,160.116.90.135
243,Genny,McWhirter,gmcwhirter6q@jugem.jp,Female,2.190.65.40
244,Lazaro,Kegan,lkegan6r@google.de,Male,177.146.35.3
245,Carmella,Minors,cminors6s@csmonitor.com,Agender,10.210.25.181
246,Janenna,Novkovic,jnovkovic6t@sogou.com,Female,153.5.90.192
247,Evangelina,Hiscoe,ehiscoe6u@mediafire.com,Female,101.92.117.52
248,Cointon,MacGraith,cmacgraith6v@oakley.com,Genderqueer,104.214.200.40
249,Brooke,McAllister,bmcallister6w@sourceforge.net,Female,66.32.253.254
250,Adham,Olander,aolander6x@berkeley.edu,Male,121.106.109.54
251,Perri,Audritt,paudritt6y@tumblr.com,Female,179.50.62.167
252,Lorianne,Manjot,lmanjot6z@symantec.com,Female,234.15.255.244
253,Leanora,Ege,lege70@shutterfly.com,Genderqueer,215.196.55.86
254,Adriano,Coaten,acoaten71@biglobe.ne.jp,Male,30.162.122.245
255,Zea,Fyndon,zfyndon72@parallels.com,Female,157.40.249.72
256,Audi,Skittle,askittle73@technorati.com,Female,90.13.142.174
257,Marisa,Tadd,mtadd74@deviantart.com,Female,159.50.150.251
258,Augustina,Matuskiewicz,amatuskiewicz75@canalblog.com,Female,151.94.194.48
259,Koenraad,Myford,kmyford76@e-recht24.de,Male,193.131.128.121
260,Jethro,Snedker,jsnedker77@usatoday.com,Male,1.225.249.163
261,Kendrick,Squires,ksquires78@163.com,Male,157.71.148.23
262,Sephira,Shankland,sshankland79@cafepress.com,Female,11.30.95.61
263,Hersch,Keeves,hkeeves7a@nifty.com,Male,173.224.142.116
264,Wilden,Yarnold,wyarnold7b@irs.gov,Male,138.76.63.97
265,Agna,Latchford,alatchford7c@vk.com,Female,139.219.167.207
266,Giacobo,Meighan,gmeighan7d@google.co.uk,Male,105.66.62.52
267,Nissie,Yeatman,nyeatman7e@histats.com,Female,91.174.239.105
268,Imelda,Vispo,ivispo7f@wordpress.org,Female,64.225.95.201
269,Bartlet,Duester,bduester7g@google.ca,Male,140.117.225.194
270,Jordana,Beecroft,jbeecroft7h@cam.ac.uk,Female,203.86.226.161
271,Gail,Bonsul,gbonsul7i@merriam-webster.com,Female,46.104.150.104
272,Zelig,Flannigan,zflannigan7j@ameblo.jp,Male,44.43.133.12
273,Vasilis,Lequeux,vlequeux7k@wordpress.com,Male,138.142.20.157
274,Hardy,Moxted,hmoxted7l@acquirethisname.com,Male,84.87.1.242
275,Jackson,Bentame,jbentame7m@cargocollective.com,Male,56.153.117.65
276,Hobey,Djorvic,hdjorvic7n@oaic.gov.au,Male,118.11.126.25
277,Heindrick,Liggons,hliggons7o@shareasale.com,Male,198.131.178.240
278,Artur,McInulty,amcinulty7p@amazon.com,Genderqueer,59.160.122.169
279,Elladine,Hempshall,ehempshall7q@tinyurl.com,Genderfluid,217.235.43.11
280,Rodolfo,Oakey,roakey7r@symantec.com,Male,73.133.46.105
281,Demetris,Adrienne,dadrienne7s@europa.eu,Male,206.226.251.54
282,Dulsea,Mitchall,dmitchall7t@t-online.de,Female,87.94.185.84
283,Balduin,Hart,bhart7u@si.edu,Male,126.86.140.31
284,Amory,Willoughway,awilloughway7v@examiner.com,Male,138.196.218.124
285,Othilia,Foakes,ofoakes7w@jigsy.com,Female,134.64.235.133
286,Corrianne,Prendergrast,cprendergrast7x@gmpg.org,Female,177.81.251.164
287,Willette,Seeler,wseeler7y@google.cn,Female,30.204.141.140
288,Oralle,Simonsson,osimonsson7z@photobucket.com,Female,112.116.130.42
289,Moritz,Servante,mservante80@slashdot.org,Male,4.161.180.215
290,Abbi,McMurdo,amcmurdo81@booking.com,Female,149.187.7.4
291,Mora,Daulton,mdaulton82@bravesites.com,Female,164.9.9.87
292,Dianna,Lys,dlys83@yellowbook.com,Female,5.254.84.104
293,Iolanthe,Frankema,ifrankema84@dell.com,Genderfluid,16.211.43.19
294,Madelene,Emms,memms85@shop-pro.jp,Female,61.118.191.129
295,Philippe,Erswell,perswell86@networkadvertising.org,Female,122.59.118.223
296,Cliff,Ritch,critch87@google.com,Male,60.225.82.23
297,Joni,Hallwell,jhallwell88@nyu.edu,Female,125.254.50.78
298,Lee,Littleton,llittleton89@oaic.gov.au,Male,57.52.106.154
299,Karlan,Dellit,kdellit8a@gmpg.org,Male,28.31.156.203
300,Hubey,Kapelhoff,hkapelhoff8b@tripod.com,Genderfluid,227.195.183.201
301,Mab,Afonso,mafonso8c@wikia.com,Female,10.24.86.131
302,Nerissa,Cutten,ncutten8d@4shared.com,Polygender,214.62.205.11
303,Hilliary,Puckham,hpuckham8e@alibaba.com,Female,218.122.162.238
304,Violante,Rozier,vrozier8f@usda.gov,Non-binary,229.49.170.157
305,Holly,Tennant,htennant8g@fastcompany.com,Genderqueer,163.14.65.123
306,Galen,Woodson,gwoodson8h@irs.gov,Bigender,68.147.212.213
307,Gil,Moorwood,gmoorwood8i@edublogs.org,Male,16.199.69.27
308,Bondy,Foynes,bfoynes8j@imgur.com,Male,191.140.121.67
309,Lilli,Schukert,lschukert8k@washington.edu,Female,75.151.227.16
310,Alyssa,Lochead,alochead8l@123-reg.co.uk,Female,52.199.223.234
311,Hadrian,Ogborne,hogborne8m@liveinternet.ru,Agender,139.210.113.227
312,Arel,Gurery,agurery8n@nbcnews.com,Male,191.250.50.16
313,Harv,Patek,hpatek8o@ycombinator.com,Male,36.214.139.14
314,Willi,Geater,wgeater8p@miibeian.gov.cn,Female,54.236.143.88
315,Sergei,Jedrzej,sjedrzej8q@netlog.com,Male,159.94.102.189
316,Meaghan,Goold,mgoold8r@usnews.com,Female,224.67.144.245
317,Sioux,Boissieux,sboissieux8s@google.com.au,Female,147.133.181.34
318,Gene,Middle,gmiddle8t@cbsnews.com,Female,152.118.56.170
319,Marieann,Clemensen,mclemensen8u@printfriendly.com,Female,213.209.60.113
320,Carlie,Ollington,collington8v@paypal.com,Male,143.94.151.136
321,Goldarina,Bolesworth,gbolesworth8w@house.gov,Female,195.81.215.61
322,Herculie,Heatherington,hheatherington8x@youtu.be,Male,95.160.142.41
323,Loren,Danilchenko,ldanilchenko8y@constantcontact.com,Male,136.243.57.121
324,Esdras,Kings,ekings8z@nps.gov,Polygender,176.32.85.191
325,Elberta,Lichtfoth,elichtfoth90@admin.ch,Female,18.33.110.120
326,Wilmer,Croci,wcroci91@artisteer.com,Male,71.157.73.73
327,Lilllie,Ruffles,lruffles92@webmd.com,Female,20.57.124.174
328,Etan,Waldie,ewaldie93@nbcnews.com,Male,96.197.158.230
329,Lorette,Minto,lminto94@mediafire.com,Female,178.54.141.190
330,Nataniel,Boltwood,nboltwood95@ow.ly,Male,71.243.163.76
331,Winonah,Harlowe,wharlowe96@google.co.uk,Female,233.98.206.151
332,Ileana,Sjollema,isjollema97@redcross.org,Female,51.219.43.111
333,Jonas,Kupper,jkupper98@oracle.com,Male,119.202.119.49
334,Jeanie,Seawell,jseawell99@google.com.hk,Female,45.23.126.198
335,Deonne,Jirek,djirek9a@sfgate.com,Polygender,39.101.196.182
336,Oliviero,Creer,ocreer9b@zdnet.com,Male,72.106.233.134
337,Menard,Jendrys,mjendrys9c@google.co.uk,Male,43.143.60.94
338,Dacey,Heijne,dheijne9d@umn.edu,Female,9.98.85.250
339,Hermann,Beau,hbeau9e@artisteer.com,Male,247.245.2.237
340,Lucinda,Goldston,lgoldston9f@springer.com,Female,182.63.41.110
341,Zarla,Hardaker,zhardaker9g@ameblo.jp,Female,239.253.125.174
342,Myrtice,Perryn,mperryn9h@rediff.com,Agender,12.101.20.201
343,Nikola,Woolens,nwoolens9i@virginia.edu,Male,7.164.67.90
344,Dominick,Huckell,dhuckell9j@chron.com,Male,141.158.86.66
345,Tedie,Jerson,tjerson9k@devhub.com,Male,182.151.6.43
346,Addy,Fonzone,afonzone9l@youku.com,Bigender,15.135.119.53
347,Martica,Peeke-Vout,mpeekevout9m@ehow.com,Female,99.141.41.211
348,Grannie,Dupree,gdupree9n@apple.com,Male,212.234.193.117
349,Merridie,Toyne,mtoyne9o@tuttocitta.it,Female,190.193.199.12
350,Freda,Huke,fhuke9p@simplemachines.org,Female,38.209.239.92
351,Fernandina,Croser,fcroser9q@nbcnews.com,Female,63.36.70.230
352,Natala,Creevy,ncreevy9r@exblog.jp,Female,134.10.90.19
353,Andie,Mc Kellen,amckellen9s@blinklist.com,Male,236.69.248.99
354,Molli,Baugh,mbaugh9t@51.la,Female,248.116.54.157
355,Annissa,Cosbee,acosbee9u@lycos.com,Female,96.82.32.8
356,Gianina,Winspare,gwinspare9v@moonfruit.com,Female,216.221.117.143
357,Nicolis,Choffin,nchoffin9w@jigsy.com,Male,19.251.200.37
358,Odey,D'Alesio,odalesio9x@yellowpages.com,Male,36.142.36.114
359,Bernita,Labro,blabro9y@wordpress.org,Polygender,60.15.234.246
360,Bryn,Kolinsky,bkolinsky9z@addthis.com,Female,11.19.205.18
361,Briant,Heintze,bheintzea0@nba.com,Male,83.76.69.56
362,Jake,McAuslene,jmcauslenea1@sakura.ne.jp,Male,5.130.131.185
363,Lulu,Stockport,lstockporta2@bluehost.com,Female,186.71.147.65
364,Joanie,Probert,jproberta3@ibm.com,Genderfluid,108.54.235.76
365,Katya,Dring,kdringa4@homestead.com,Female,127.100.114.254
366,Maisie,Bushe,mbushea5@etsy.com,Bigender,234.213.94.12
367,Charmion,Carbry,ccarbrya6@sciencedirect.com,Genderqueer,63.8.189.235
368,Koral,Margetson,kmargetsona7@icio.us,Female,91.184.155.253
369,Chauncey,Westwell,cwestwella8@parallels.com,Male,47.144.176.231
370,Putnem,Assiratti,passirattia9@domainmarket.com,Male,56.188.225.215
371,Philbert,Saterweyte,psaterweyteaa@ft.com,Male,16.122.208.107
372,Melamie,Oliffe,moliffeab@wp.com,Female,245.163.196.207
373,Jakob,Greg,jgregac@tiny.cc,Male,60.54.197.81
374,Barbie,Blumson,bblumsonad@intel.com,Female,183.208.122.17
375,Charlean,Jeffs,cjeffsae@ted.com,Female,38.106.186.129
376,Edie,Daviot,edaviotaf@smh.com.au,Bigender,39.228.211.175
377,Dyanna,Stanyon,dstanyonag@infoseek.co.jp,Female,101.234.69.229
378,Marsh,Kopisch,mkopischah@nydailynews.com,Male,209.13.241.152
379,Danica,Deaville,ddeavilleai@arizona.edu,Female,213.219.231.81
380,Kareem,Santorini,ksantoriniaj@google.pl,Male,172.157.45.226
381,Theda,Titchmarsh,ttitchmarshak@sciencedaily.com,Female,21.168.245.104
382,John,Reignolds,jreignoldsal@bloglovin.com,Male,57.205.218.145
383,Consuela,Shelsher,cshelsheram@fotki.com,Female,110.207.73.65
384,Mayer,Dellenbroker,mdellenbrokeran@prlog.org,Male,9.200.189.58
385,Conrad,Gasgarth,cgasgarthao@live.com,Male,115.90.93.140
386,Starla,McAlinion,smcalinionap@mozilla.org,Female,222.106.228.33
387,Malvin,Haliburton,mhaliburtonaq@dagondesign.com,Male,132.194.76.204
388,Licha,Lubomirski,llubomirskiar@acquirethisname.com,Female,180.116.196.169
389,Martica,Brodley,mbrodleyas@aboutads.info,Female,219.118.36.219
390,Lolita,Ricci,lricciat@redcross.org,Female,2.71.190.209
391,Helli,Slyman,hslymanau@dot.gov,Female,237.165.247.167
392,Georas,Itscovitz,gitscovitzav@blogs.com,Genderfluid,254.193.175.117
393,Cymbre,Wingatt,cwingattaw@wordpress.org,Female,248.52.84.192
394,Iolande,Horsefield,ihorsefieldax@ucla.edu,Female,19.208.127.201
395,Xylina,Hebden,xhebdenay@de.vu,Female,224.142.237.28
396,Bondy,O'Connolly,boconnollyaz@umich.edu,Male,107.235.83.77
397,Kittie,Wudeland,kwudelandb0@cocolog-nifty.com,Female,86.13.229.184
398,Jessica,Cromblehome,jcromblehomeb1@fda.gov,Female,95.45.110.16
399,Althea,Blatherwick,ablatherwickb2@bizjournals.com,Female,49.236.178.13
400,Natty,Giaomozzo,ngiaomozzob3@goo.gl,Male,225.173.204.223
401,Timmie,Brosenius,tbroseniusb4@bigcartel.com,Male,115.163.32.112
402,Claiborne,Muckleston,cmucklestonb5@uiuc.edu,Male,253.173.198.125
403,Vernen,Fieldsend,vfieldsendb6@yale.edu,Male,150.168.106.173
404,Worth,Edlyne,wedlyneb7@statcounter.com,Male,248.178.179.87
405,Lenora,Drewet,ldrewetb8@geocities.com,Female,157.145.125.162
406,Andeee,Gillinghams,agillinghamsb9@scientificamerican.com,Female,166.227.207.18
407,Temple,Tejero,ttejeroba@com.com,Male,25.251.225.37
408,Crichton,Frankiewicz,cfrankiewiczbb@dot.gov,Male,56.213.150.38
409,Ryun,Caldecot,rcaldecotbc@ehow.com,Male,77.140.124.238
410,Benedick,Karpmann,bkarpmannbd@smugmug.com,Male,45.72.24.14
411,Janey,Kwiek,jkwiekbe@pinterest.com,Female,141.112.34.116
412,Miquela,Castell,mcastellbf@dmoz.org,Bigender,23.141.250.195
413,Nicky,Jacobowicz,njacobowiczbg@shinystat.com,Female,35.233.47.84
414,Barbabas,Creak,bcreakbh@mozilla.com,Male,0.12.71.254
415,Karil,Kubera,kkuberabi@virginia.edu,Female,87.187.139.51
416,Aland,Pigford,apigfordbj@sina.com.cn,Male,121.14.202.207
417,Josi,Roj,jrojbk@timesonline.co.uk,Female,32.242.106.186
418,Matty,Stenett,mstenettbl@dot.gov,Genderqueer,101.56.27.114
419,Reinold,Duffree,rduffreebm@a8.net,Male,36.172.47.61
420,Nico,O' Shea,nosheabn@taobao.com,Male,90.20.242.86
421,Colleen,Jasik,cjasikbo@yale.edu,Female,128.154.230.73
422,Roy,Poulett,rpoulettbp@businessweek.com,Male,19.130.217.131
423,Astrix,Gartrell,agartrellbq@vistaprint.com,Female,135.254.34.15
424,Magdalen,Kegan,mkeganbr@chronoengine.com,Non-binary,240.140.8.129
425,Lefty,Creegan,lcreeganbs@feedburner.com,Agender,82.226.90.131
426,Jessa,Tamlett,jtamlettbt@wiley.com,Female,73.150.198.13
427,Rhody,Sheppard,rsheppardbu@angelfire.com,Female,115.34.223.151
428,Bell,Sabey,bsabeybv@stanford.edu,Female,94.202.74.167
429,Emmott,Piggrem,epiggrembw@bloomberg.com,Male,196.54.163.53
430,Adi,McCallam,amccallambx@blog.com,Female,239.97.80.238
431,Zelig,Tutchell,ztutchellby@wp.com,Male,244.113.29.56
432,Elinor,McGrath,emcgrathbz@dot.gov,Female,36.29.171.60
433,Fraze,Guiton,fguitonc0@thetimes.co.uk,Male,98.157.219.11
434,Mattias,Wartnaby,mwartnabyc1@opensource.org,Male,120.32.206.204
435,Bren,Hedingham,bhedinghamc2@paginegialle.it,Male,80.162.138.15
436,Ferd,Linch,flinchc3@flavors.me,Male,104.243.67.170
437,Jojo,Bromilow,jbromilowc4@thetimes.co.uk,Female,87.21.208.110
438,Neala,Piner,npinerc5@disqus.com,Female,48.113.14.153
439,Ruggiero,Windows,rwindowsc6@usa.gov,Male,226.31.113.169
440,Farlie,Churn,fchurnc7@w3.org,Male,6.54.7.244
441,Melisse,Stitle,mstitlec8@ask.com,Female,254.160.55.239
442,Sheree,Wooder,swooderc9@taobao.com,Female,42.95.174.154
443,Dewie,Snaddin,dsnaddinca@miitbeian.gov.cn,Male,248.112.32.76
444,Hailey,Caven,hcavencb@msn.com,Male,158.112.180.77
445,Sibyl,Robart,srobartcc@washington.edu,Male,246.72.239.122
446,Merola,Baggelley,mbaggelleycd@mlb.com,Female,142.254.232.78
447,Derrek,Stangoe,dstangoece@wikimedia.org,Male,86.236.28.198
448,Verene,Bodle,vbodlecf@angelfire.com,Female,13.195.204.169
449,Michelina,Gargett,mgargettcg@soup.io,Female,206.4.79.173
450,Dulci,Clawsley,dclawsleych@youtu.be,Female,247.123.245.49
451,Zora,Hews,zhewsci@reference.com,Female,241.35.50.192
452,Rica,Oxley,roxleycj@facebook.com,Female,98.170.128.149
453,Jens,Scud,jscudck@theguardian.com,Male,134.126.202.112
454,Jackson,Askin,jaskincl@un.org,Male,74.120.7.67
455,Josee,Martinson,jmartinsoncm@mail.ru,Female,180.0.202.110
456,Janey,Pammenter,jpammentercn@sogou.com,Female,45.197.246.20
457,Stinky,Gates,sgatesco@xing.com,Male,44.100.199.212
458,Catharine,Pirkis,cpirkiscp@answers.com,Female,77.115.189.233
459,Rosie,Tolland,rtollandcq@nbcnews.com,Female,41.200.174.230
460,Carlye,Ortell,cortellcr@microsoft.com,Genderfluid,123.42.161.122
461,Tristan,Knowlys,tknowlyscs@aboutads.info,Male,19.253.121.143
462,Nestor,Mehmet,nmehmetct@joomla.org,Male,53.176.82.8
463,Ivy,Wadmore,iwadmorecu@goodreads.com,Female,31.22.147.143
464,Phaidra,Mengo,pmengocv@smugmug.com,Female,188.126.200.109
465,Bunnie,Mailes,bmailescw@marketwatch.com,Female,127.30.193.72
466,Howard,Petrello,hpetrellocx@samsung.com,Male,41.206.214.254
467,Duane,Beine,dbeinecy@php.net,Male,56.81.236.145
468,Tris,Trengrouse,ttrengrousecz@privacy.gov.au,Male,23.78.157.86
469,Erminie,Feldhammer,efeldhammerd0@accuweather.com,Female,192.183.61.12
470,Wilmer,Punchard,wpunchardd1@wiley.com,Male,75.212.99.196
471,Marlyn,Godbehere,mgodbehered2@jigsy.com,Female,106.145.188.11
472,Ludovico,Henlon,lhenlond3@bbb.org,Male,68.172.203.200
473,Danyelle,Whiley,dwhileyd4@noaa.gov,Female,135.234.139.47
474,Nalani,Burland,nburlandd5@is.gd,Non-binary,8.141.212.33
475,Gonzalo,Deal,gdeald6@studiopress.com,Male,60.105.73.182
476,Vail,Kibby,vkibbyd7@creativecommons.org,Male,16.179.42.214
477,Druci,Watkin,dwatkind8@bluehost.com,Female,207.249.90.170
478,Chicky,Rabbet,crabbetd9@earthlink.net,Female,157.26.34.80
479,Gerta,Lynd,glyndda@zdnet.com,Female,26.176.45.226
480,Svend,Marchetti,smarchettidb@dell.com,Agender,25.35.155.126
481,Agata,Spary,asparydc@qq.com,Female,32.119.155.192
482,Brandtr,Lytton,blyttondd@github.io,Male,49.219.19.66
483,Aristotle,Giacobelli,agiacobellide@tamu.edu,Genderfluid,100.45.250.147
484,Paola,Canizares,pcanizaresdf@livejournal.com,Female,99.154.4.150
485,Leah,Sharvell,lsharvelldg@51.la,Non-binary,167.25.133.177
486,Fredi,Kobke,fkobkedh@china.com.cn,Female,187.167.161.55
487,Graeme,Rome,gromedi@ucla.edu,Male,9.122.139.108
488,Geri,Levay,glevaydj@sfgate.com,Male,78.193.189.7
489,Blanca,Abramow,babramowdk@wikispaces.com,Female,3.252.125.11
490,Viki,Cornthwaite,vcornthwaitedl@yale.edu,Female,199.51.44.213
491,Mona,Moncrefe,mmoncrefedm@walmart.com,Female,73.205.43.172
492,Carrie,O'Sheeryne,cosheerynedn@ning.com,Female,129.66.124.178
493,Anatole,Baude,abaudedo@com.com,Male,154.122.149.90
494,Darwin,Kingsbury,dkingsburydp@hubpages.com,Male,65.66.156.174
495,Abbey,Marvel,amarveldq@deviantart.com,Male,69.41.44.193
496,Cosme,Lorimer,clorimerdr@usa.gov,Male,219.25.244.90
497,Justis,Wallbutton,jwallbuttonds@reference.com,Male,197.200.210.14
498,Armand,Fawlo,afawlodt@marriott.com,Male,23.171.19.49
499,Marcos,Ludlam,mludlamdu@pinterest.com,Male,192.104.92.199
500,Larine,Giacomo,lgiacomodv@ow.ly,Female,105.240.184.89
501,Orsola,Tomblett,otomblettdw@ucoz.ru,Genderfluid,148.236.186.204
502,Dorise,Banstead,dbansteaddx@about.com,Female,116.237.154.29
503,Stanley,Troake,stroakedy@nature.com,Male,27.100.77.202
504,Hakim,Lonie,hloniedz@dell.com,Male,37.86.232.194
505,Codi,Cotman,ccotmane0@bloomberg.com,Female,57.228.169.58
506,Evangelin,Faich,efaiche1@flavors.me,Female,61.215.178.123
507,Dino,Robilart,drobilarte2@slideshare.net,Male,138.126.82.93
508,Lulu,McCarron,lmccarrone3@guardian.co.uk,Genderfluid,130.62.78.188
509,Hans,Skace,hskacee4@netlog.com,Bigender,205.32.38.157
510,Domenico,Roblou,drobloue5@usatoday.com,Male,15.78.184.69
511,Tadd,Clarycott,tclarycotte6@bloglovin.com,Male,58.123.28.154
512,Ella,Jobbins,ejobbinse7@squidoo.com,Female,53.62.44.186
513,Raynor,Semorad,rsemorade8@jiathis.com,Male,34.203.61.51
514,Hortense,Shenfish,hshenfishe9@senate.gov,Genderqueer,201.100.178.145
515,Levin,Oulner,loulnerea@examiner.com,Male,222.102.109.239
516,Karlotte,Pitsall,kpitsalleb@amazon.de,Female,124.38.150.207
517,Marybelle,Bestall,mbestallec@google.co.jp,Female,120.180.120.63
518,Elora,Klesl,eklesled@wiley.com,Female,154.150.108.159
519,Kassi,Bryde,kbrydeee@berkeley.edu,Female,159.69.163.86
520,Raphael,Christophersen,rchristophersenef@vimeo.com,Male,91.140.73.79
521,Chan,Diffley,cdiffleyeg@123-reg.co.uk,Male,91.241.245.83
522,Mandi,Pountney,mpountneyeh@reference.com,Female,44.95.68.255
523,Baxie,Pietersen,bpietersenei@ameblo.jp,Male,116.82.123.223
524,Benedicta,Ellcock,bellcockej@t.co,Female,204.94.188.99
525,Ruthann,Flores,rfloresek@networksolutions.com,Female,211.130.209.53
526,Devondra,Brendish,dbrendishel@wired.com,Female,139.84.221.56
527,Ad,Allcroft,aallcroftem@posterous.com,Male,44.252.59.181
528,Shermy,Krzyzanowski,skrzyzanowskien@quantcast.com,Male,64.219.20.107
529,Brooke,Carder,bcardereo@guardian.co.uk,Genderqueer,125.155.149.67
530,Fitz,Eyckelberg,feyckelbergep@reference.com,Male,25.182.99.179
531,Miquela,Osipov,mosipoveq@cnet.com,Genderqueer,16.118.111.55
532,Lorrie,Audas,laudaser@angelfire.com,Bigender,108.127.248.23
533,Sloan,Hardcastle,shardcastlees@photobucket.com,Male,177.17.47.53
534,Branden,Quarlis,bquarliset@over-blog.com,Male,184.94.74.188
535,Viviyan,Robuchon,vrobuchoneu@wikispaces.com,Female,177.150.104.160
536,Margie,Masson,mmassonev@psu.edu,Non-binary,95.31.204.84
537,Alena,Spottswood,aspottswoodew@netscape.com,Female,193.14.220.174
538,Pia,Prendiville,pprendivilleex@wikipedia.org,Bigender,74.92.36.212
539,Cathrine,Gaskamp,cgaskampey@huffingtonpost.com,Female,207.189.158.139
540,Karla,Hillhouse,khillhouseez@vistaprint.com,Female,145.77.236.77
541,West,Baudesson,wbaudessonf0@w3.org,Male,222.90.238.184
542,Michal,Adhams,madhamsf1@php.net,Female,76.173.162.0
543,Daven,Djorvic,ddjorvicf2@slate.com,Male,156.118.100.113
544,Milissent,Chadbourne,mchadbournef3@cyberchimps.com,Female,195.203.36.161
545,Morly,Leggin,mlegginf4@fotki.com,Male,222.145.3.214
546,Albrecht,Faustian,afaustianf5@prlog.org,Male,148.116.159.119
547,Matthieu,Beddoe,mbeddoef6@dell.com,Male,144.113.106.132
548,Ulises,Dabnot,udabnotf7@mayoclinic.com,Male,120.213.116.104
549,Jacob,Cassedy,jcassedyf8@japanpost.jp,Male,243.162.104.188
550,Wain,MacMychem,wmacmychemf9@webeden.co.uk,Male,34.9.3.151
551,Marcy,Gammel,mgammelfa@bluehost.com,Female,96.132.202.33
552,Rorke,Adelsberg,radelsbergfb@nymag.com,Male,192.78.27.72
553,Cristal,Loughead,clougheadfc@engadget.com,Agender,25.139.240.85
554,Bronny,Windrum,bwindrumfd@howstuffworks.com,Male,12.102.120.238
555,Tandy,Simonnet,tsimonnetfe@discuz.net,Female,173.106.14.143
556,Francisco,Beedon,fbeedonff@flavors.me,Male,12.30.60.163
557,Alessandro,Sapauton,asapautonfg@zimbio.com,Male,253.16.175.27
558,Jeff,Scolli,jscollifh@constantcontact.com,Male,223.196.29.239
559,Jillana,Dudbridge,jdudbridgefi@hexun.com,Female,230.179.63.246
560,Ted,Bredgeland,tbredgelandfj@so-net.ne.jp,Agender,109.78.82.202
561,Saunders,Crocroft,scrocroftfk@uol.com.br,Male,206.60.92.127
562,Durant,Sliney,dslineyfl@livejournal.com,Male,72.164.244.15
563,Edgard,Bulfoy,ebulfoyfm@blog.com,Male,72.206.225.179
564,Ameline,Leather,aleatherfn@behance.net,Bigender,254.163.146.85
565,Penrod,Apfler,papflerfo@t-online.de,Male,79.16.231.147
566,Lil,Ayllett,layllettfp@usnews.com,Female,244.229.137.141
567,Elisabeth,Seyfart,eseyfartfq@newsvine.com,Female,178.0.246.0
568,Waylin,Serchwell,wserchwellfr@blogger.com,Male,20.156.245.44
569,Henrik,Dalbey,hdalbeyfs@ftc.gov,Male,133.49.209.132
570,Modesta,Oby,mobyft@deliciousdays.com,Female,229.7.246.31
571,Bonnie,Yeulet,byeuletfu@ifeng.com,Female,163.110.95.37
572,Judon,Van Dijk,jvandijkfv@skype.com,Male,16.134.227.170
573,Orrin,Idell,oidellfw@eepurl.com,Male,193.84.72.1
574,Idalina,Gontier,igontierfx@ow.ly,Female,132.193.60.103
575,Berti,Bramer,bbramerfy@ehow.com,Female,1.217.192.34
576,Valry,Thebeau,vthebeaufz@biblegateway.com,Female,127.244.52.56
577,Lin,Anthoney,lanthoneyg0@cmu.edu,Male,217.72.135.75
578,Hillier,Wreak,hwreakg1@eventbrite.com,Polygender,149.140.254.27
579,Mirella,Amsberger,mamsbergerg2@wikispaces.com,Female,68.140.61.42
580,Izaak,Wank,iwankg3@china.com.cn,Male,236.107.14.12
581,Roselin,Berwick,rberwickg4@webnode.com,Female,33.175.152.8
582,Rachel,Pett,rpettg5@mac.com,Female,83.102.207.209
583,Theodore,Dran,tdrang6@qq.com,Male,1.24.149.159
584,Urbanus,Bamlett,ubamlettg7@jalbum.net,Male,8.57.233.24
585,Lea,Heavyside,lheavysideg8@1und1.de,Female,226.194.103.245
586,Dell,Olivia,doliviag9@parallels.com,Female,78.43.233.132
587,Ruthann,Pashler,rpashlerga@shutterfly.com,Female,46.72.84.32
588,Ulla,Trippack,utrippackgb@domainmarket.com,Genderfluid,77.18.224.250
589,Sylvan,Elman,selmangc@topsy.com,Male,166.210.41.51
590,Dorolisa,Melin,dmelingd@timesonline.co.uk,Female,238.183.175.4
591,Sandro,Surman-Wells,ssurmanwellsge@webnode.com,Male,145.250.213.72
592,Bronson,Franchioni,bfranchionigf@de.vu,Male,191.236.93.69
593,Kimberlee,Lamberto,klambertogg@jigsy.com,Genderqueer,202.163.165.66
594,Sergeant,Deamer,sdeamergh@craigslist.org,Male,223.142.180.63
595,Theadora,Perez,tperezgi@sun.com,Polygender,12.183.37.13
596,Murial,Janny,mjannygj@sphinn.com,Female,119.2.98.235
597,Englebert,Guys,eguysgk@wunderground.com,Male,75.59.173.39
598,Cybil,Rivaland,crivalandgl@latimes.com,Female,10.233.38.5
599,Lainey,Sutherby,lsutherbygm@plala.or.jp,Female,209.242.79.28
600,Ferdy,Oxenden,foxendengn@samsung.com,Male,15.8.16.192
601,Kylen,Chaldecott,kchaldecottgo@rediff.com,Female,230.211.69.99
602,Jamey,Nowill,jnowillgp@123-reg.co.uk,Male,13.71.92.200
603,Jewel,Feeley,jfeeleygq@europa.eu,Female,21.52.243.241
604,Felic,Dominey,fdomineygr@miitbeian.gov.cn,Male,247.221.112.227
605,Tremayne,Shayes,tshayesgs@vk.com,Male,215.186.83.252
606,Keefe,O'Caherny,kocahernygt@telegraph.co.uk,Male,201.16.111.79
607,Penny,Jendrach,pjendrachgu@i2i.jp,Genderfluid,125.216.142.68
608,Ransell,Alliban,rallibangv@blinklist.com,Male,131.208.100.175
609,Daveta,Liddy,dliddygw@timesonline.co.uk,Female,159.233.226.127
610,Margette,Abrahams,mabrahamsgx@sohu.com,Agender,186.156.213.37
611,Annette,Beardsdale,abeardsdalegy@wikipedia.org,Female,56.159.26.98
612,Woodrow,Nipper,wnippergz@mozilla.com,Agender,40.169.106.106
613,Joli,Sadler,jsadlerh0@people.com.cn,Female,6.180.141.36
614,Ozzy,Dimbylow,odimbylowh1@skype.com,Non-binary,61.36.17.217
615,Giorgia,Belden,gbeldenh2@blogger.com,Female,183.11.55.157
616,Patsy,Colcomb,pcolcombh3@indiegogo.com,Male,57.231.145.212
617,Annamaria,Madge,amadgeh4@hp.com,Non-binary,206.173.61.207
618,Kira,Galletley,kgalletleyh5@europa.eu,Female,52.220.79.106
619,Currey,Conville,cconvilleh6@i2i.jp,Agender,97.199.202.7
620,Ophelia,Hoston,ohostonh7@mapy.cz,Female,48.74.55.61
621,Alleyn,Gwinnett,agwinnetth8@vinaora.com,Male,86.129.141.205
622,Marina,Strangward,mstrangwardh9@unesco.org,Female,36.61.140.219
623,Penni,Androli,pandroliha@stumbleupon.com,Female,199.239.8.225
624,Gilles,Ondracek,gondracekhb@jigsy.com,Male,128.241.85.79
625,Fania,Brim,fbrimhc@addtoany.com,Female,125.16.103.245
626,Jone,Alvarado,jalvaradohd@xrea.com,Male,222.179.220.64
627,Babb,Romke,bromkehe@opera.com,Female,255.66.115.223
628,Mord,Brunton,mbruntonhf@ucoz.ru,Male,22.75.80.72
629,Reiko,Stonary,rstonaryhg@friendfeed.com,Female,47.193.185.10
630,Mariellen,Haseley,mhaseleyhh@ebay.com,Female,36.187.50.42
631,Lion,Clinnick,lclinnickhi@omniture.com,Male,210.242.20.222
632,Eleanora,Walkden,ewalkdenhj@livejournal.com,Female,200.248.20.152
633,Kalinda,Moughtin,kmoughtinhk@youku.com,Agender,125.101.180.67
634,Hurlee,Eagan,heaganhl@nih.gov,Male,125.70.62.221
635,Domenic,Huskisson,dhuskissonhm@oracle.com,Male,195.91.228.45
636,Esmeralda,Spain-Gower,espaingowerhn@go.com,Female,228.146.131.180
637,Alexei,Picford,apicfordho@va.gov,Male,181.208.40.20
638,Dennie,Posselow,dposselowhp@people.com.cn,Female,254.36.20.252
639,Konrad,Gawne,kgawnehq@ovh.net,Male,211.178.36.189
640,Joceline,Wheatland,jwheatlandhr@creativecommons.org,Female,142.88.190.2
641,Fifi,Nibley,fnibleyhs@si.edu,Female,73.74.39.149
642,Kristoforo,Joddins,kjoddinsht@bigcartel.com,Male,234.141.52.220
643,Tessa,Chezelle,tchezellehu@fema.gov,Female,249.95.47.6
644,Marwin,Haig,mhaighv@cam.ac.uk,Male,19.204.182.232
645,Karalee,Purslow,kpurslowhw@slashdot.org,Female,1.252.215.7
646,Todd,Rabson,trabsonhx@china.com.cn,Male,246.100.11.34
647,Blondelle,Strudwick,bstrudwickhy@baidu.com,Female,249.179.45.132
648,Kenny,Andrzejewski,kandrzejewskihz@youku.com,Male,247.85.168.126
649,Jessey,Edgson,jedgsoni0@webmd.com,Male,180.152.218.23
650,Vevay,Filchakov,vfilchakovi1@furl.net,Female,69.104.248.151
651,Gwenora,Yitzovitz,gyitzovitzi2@taobao.com,Female,145.148.180.108
652,Buffy,Mowson,bmowsoni3@jiathis.com,Female,158.163.44.244
653,Roland,Huxtable,rhuxtablei4@techcrunch.com,Male,109.37.181.50
654,Willette,Bruggen,wbruggeni5@whitehouse.gov,Female,150.34.25.171
655,Huntley,Fernely,hfernelyi6@wiley.com,Male,38.92.160.43
656,Bone,O'Quin,boquini7@virginia.edu,Male,44.226.28.199
657,Shepherd,Abela,sabelai8@instagram.com,Male,153.162.230.253
658,Zolly,Mayall,zmayalli9@multiply.com,Male,156.236.122.123
659,Ysabel,Fullalove,yfullaloveia@printfriendly.com,Female,143.65.239.35
660,Pearline,Gissop,pgissopib@examiner.com,Female,89.95.196.204
661,Latisha,Hammonds,lhammondsic@facebook.com,Female,13.205.249.77
662,Roshelle,Baser,rbaserid@storify.com,Female,177.151.95.29
663,Stanton,Baytrop,sbaytropie@biglobe.ne.jp,Male,118.151.230.4
664,Dan,Sitlington,dsitlingtonif@alexa.com,Male,253.216.49.112
665,Cory,Hovie,chovieig@ucsd.edu,Male,119.60.182.252
666,Natassia,Buffery,nbufferyih@deliciousdays.com,Female,184.178.220.229
667,Irita,Daudray,idaudrayii@ezinearticles.com,Female,168.119.79.249
668,Dodie,Cawley,dcawleyij@google.it,Female,83.227.127.199
669,Ingeberg,McQuarter,imcquarterik@pcworld.com,Female,194.150.173.74
670,Rhiamon,Gosson,rgossonil@xinhuanet.com,Female,84.247.236.62
671,Ivett,Yeskin,iyeskinim@cyberchimps.com,Female,63.58.230.5
672,Steffie,Coppins,scoppinsin@nymag.com,Female,197.211.183.95
673,Giffard,Langlands,glanglandsio@sakura.ne.jp,Male,46.170.98.181
674,Lewiss,Rikard,lrikardip@myspace.com,Male,88.145.26.22
675,Ebba,Moehle,emoehleiq@linkedin.com,Female,138.220.203.245
676,Norman,Huge,nhugeir@smh.com.au,Non-binary,217.32.108.172
677,Melosa,Hartrick,mhartrickis@behance.net,Female,204.178.194.82
678,Fin,Skinn,fskinnit@tuttocitta.it,Male,203.250.86.215
679,Adriena,Silverton,asilvertoniu@so-net.ne.jp,Female,31.234.69.39
680,Ericha,Wilbor,ewilboriv@ovh.net,Female,147.34.60.33
681,Sianna,Fairpool,sfairpooliw@princeton.edu,Female,152.114.128.192
682,Corry,Thing,cthingix@indiatimes.com,Female,166.202.87.102
683,Oby,Mackilpatrick,omackilpatrickiy@1688.com,Male,220.236.174.96
684,Arturo,Alonso,aalonsoiz@wiley.com,Male,55.93.50.95
685,Vernor,Sadd,vsaddj0@hp.com,Male,29.148.63.209
686,Collin,Antoszewski,cantoszewskij1@nsw.gov.au,Male,207.210.185.27
687,Derrick,Malins,dmalinsj2@slideshare.net,Male,26.151.39.245
688,Barbi,Pareman,bparemanj3@barnesandnoble.com,Female,188.184.186.196
689,Ellissa,Oger,eogerj4@jigsy.com,Female,246.248.204.212
690,Abba,Speere,aspeerej5@zdnet.com,Male,137.253.112.150
691,Kathleen,Ren,krenj6@goo.gl,Female,11.214.246.255
692,Astra,Hoovart,ahoovartj7@java.com,Female,178.168.171.204
693,Fidelity,Richards,frichardsj8@wufoo.com,Female,192.37.22.198
694,Robbert,McCart,rmccartj9@wufoo.com,Male,134.128.11.81
695,Aldus,Stampe,astampeja@cloudflare.com,Male,172.80.108.87
696,Consalve,Baddam,cbaddamjb@seattletimes.com,Male,27.130.0.174
697,Nero,Brea,nbreajc@ebay.com,Male,138.135.61.237
698,Trevor,Roland,trolandjd@timesonline.co.uk,Male,53.90.39.189
699,Jaimie,Handaside,jhandasideje@booking.com,Female,20.76.178.7
700,Melissa,Attwater,mattwaterjf@slideshare.net,Female,181.213.240.170
701,Langston,Springer,lspringerjg@seattletimes.com,Male,58.143.246.28
702,Evanne,Grouer,egrouerjh@arstechnica.com,Female,226.141.80.219
703,Renato,Brayson,rbraysonji@wikimedia.org,Male,57.246.118.154
704,Patricia,Souter,psouterjj@booking.com,Female,233.101.182.213
705,Marty,Pole,mpolejk@businesswire.com,Male,242.162.98.172
706,Dene,Guislin,dguislinjl@bloglines.com,Male,42.234.244.234
707,Louie,Mattiacci,lmattiaccijm@hhs.gov,Male,21.217.227.69
708,Anderson,Barmadier,abarmadierjn@jalbum.net,Male,182.67.91.203
709,Gav,Byrne,gbyrnejo@newyorker.com,Male,24.68.41.86
710,Paulie,Salter,psalterjp@berkeley.edu,Male,14.233.214.23
711,Allayne,Braiden,abraidenjq@free.fr,Male,180.91.11.41
712,Zacharia,Boden,zbodenjr@typepad.com,Male,87.177.12.80
713,Pat,Churm,pchurmjs@blogspot.com,Male,51.105.153.149
714,Rosalynd,Beininck,rbeininckjt@marketwatch.com,Female,79.207.82.66
715,Nat,Ybarra,nybarraju@biblegateway.com,Male,172.119.132.33
716,Milo,Clowton,mclowtonjv@un.org,Male,243.187.107.164
717,Gustavus,Hehl,ghehljw@quantcast.com,Male,93.230.25.5
718,Ofella,Waddicor,owaddicorjx@ed.gov,Female,58.53.167.206
719,Dallis,Brimilcombe,dbrimilcombejy@princeton.edu,Male,94.128.12.47
720,Shirl,Abreheart,sabreheartjz@craigslist.org,Female,119.18.218.188
721,Franz,Kivits,fkivitsk0@tmall.com,Polygender,222.60.209.172
722,Rob,O'Hingerty,rohingertyk1@hugedomains.com,Male,159.241.51.206
723,Ellene,Owttrim,eowttrimk2@barnesandnoble.com,Female,30.113.100.189
724,Maryanne,Matyashev,mmatyashevk3@behance.net,Female,216.231.67.27
725,Eustace,Stallen,estallenk4@ihg.com,Polygender,38.200.217.140
726,Tallulah,Crammy,tcrammyk5@seattletimes.com,Female,26.23.250.73
727,Ives,Pregal,ipregalk6@xinhuanet.com,Male,132.146.141.255
728,Gwenneth,Suter,gsuterk7@gravatar.com,Female,178.29.173.197
729,Tasia,Manning,tmanningk8@addtoany.com,Female,146.232.75.88
730,Woodrow,Van Salzberger,wvansalzbergerk9@mail.ru,Male,133.115.162.182
731,Deirdre,Camerati,dcameratika@jimdo.com,Female,249.85.75.71
732,Almira,Welbeck,awelbeckkb@google.co.uk,Female,71.13.84.48
733,Jammal,Matityahu,jmatityahukc@furl.net,Male,13.190.92.244
734,Andonis,Giacopazzi,agiacopazzikd@ow.ly,Male,137.121.128.52
735,Allis,Davidi,adavidike@behance.net,Female,249.147.58.46
736,Daniel,Covotto,dcovottokf@uol.com.br,Male,60.204.75.173
737,Anastasia,MacGauhy,amacgauhykg@cafepress.com,Polygender,167.160.138.84
738,Bernadine,Maginn,bmaginnkh@weebly.com,Genderfluid,25.180.58.71
739,Nikolos,Paulisch,npaulischki@sphinn.com,Male,252.146.181.177
740,Cecilius,Blackader,cblackaderkj@fda.gov,Male,213.18.26.105
741,Druci,Cosans,dcosanskk@wordpress.org,Female,244.25.132.116
742,Connor,Probert,cprobertkl@apache.org,Male,146.221.233.42
743,Cello,Grinnov,cgrinnovkm@feedburner.com,Genderfluid,119.33.230.237
744,Heather,Castagnasso,hcastagnassokn@com.com,Female,41.219.72.133
745,Tobiah,Biddell,tbiddellko@howstuffworks.com,Male,214.157.94.79
746,Jodi,Chezier,jchezierkp@eventbrite.com,Female,48.125.166.76
747,Helenka,Carlin,hcarlinkq@telegraph.co.uk,Genderqueer,222.19.59.194
748,Clara,Cromack,ccromackkr@jigsy.com,Bigender,6.168.31.16
749,Geoffrey,Tranfield,gtranfieldks@google.co.jp,Male,44.109.223.17
750,Dion,MacKall,dmackallkt@mysql.com,Male,163.210.204.188
751,Frankie,Worge,fworgeku@tuttocitta.it,Female,129.247.154.123
752,Benito,Grogan,bgrogankv@sbwire.com,Male,96.248.253.180
753,Michaella,Cymper,mcymperkw@ebay.co.uk,Female,169.36.2.180
754,Lonnard,Cherrett,lcherrettkx@wikimedia.org,Male,103.15.129.213
755,Bruno,Danilchev,bdanilchevky@mashable.com,Male,140.239.239.96
756,Ariana,Woodcraft,awoodcraftkz@purevolume.com,Female,63.199.34.107
757,Bobinette,Peartree,bpeartreel0@printfriendly.com,Female,178.242.95.95
758,Gusty,Thoumasson,gthoumassonl1@cnn.com,Female,125.104.214.121
759,Nils,Proschke,nproschkel2@webs.com,Male,244.169.170.231
760,Gavin,Cordey,gcordeyl3@mediafire.com,Male,137.25.42.188
761,Muhammad,Hurles,mhurlesl4@acquirethisname.com,Male,214.109.40.88
762,Rosetta,Morigan,rmoriganl5@sakura.ne.jp,Female,195.255.138.16
763,Gabriello,Leys,gleysl6@wsj.com,Male,171.228.57.84
764,Roy,Horning,rhorningl7@businesswire.com,Male,13.108.124.236
765,Mart,Messer,mmesserl8@domainmarket.com,Male,188.131.142.166
766,Vikki,Godball,vgodballl9@naver.com,Genderfluid,158.56.37.3
767,Mohammed,Vasenin,mvaseninla@dailymail.co.uk,Male,109.126.129.138
768,Helenelizabeth,Wilse,hwilselb@1688.com,Non-binary,154.250.27.188
769,Cherin,Costley,ccostleylc@wunderground.com,Female,141.133.234.231
770,Arty,Plumridege,aplumridegeld@feedburner.com,Male,23.236.13.29
771,Curr,Brand,cbrandle@cbsnews.com,Male,223.64.50.198
772,Rosie,Riche,rrichelf@ted.com,Female,188.64.66.65
773,Kelcey,Nutten,knuttenlg@smugmug.com,Female,167.210.76.181
774,Ulrike,Symmons,usymmonslh@house.gov,Female,144.19.79.44
775,Clare,Cusworth,ccusworthli@flavors.me,Male,101.237.58.58
776,Ashbey,Simo,asimolj@geocities.jp,Male,71.44.59.148
777,Clayton,De L'Isle,cdelislelk@stanford.edu,Male,40.162.214.199
778,Adelina,Cossington,acossingtonll@admin.ch,Female,74.30.254.122
779,Inigo,Sute,isutelm@webs.com,Male,152.246.253.250
780,Shurwood,Stealfox,sstealfoxln@bigcartel.com,Male,128.83.2.236
781,Katya,Fugere,kfugerelo@acquirethisname.com,Agender,223.54.185.26
782,Lori,Kiossel,lkiossellp@tmall.com,Female,57.241.12.12
783,Othelia,Simkovich,osimkovichlq@t.co,Female,243.127.178.157
784,Lars,Sheekey,lsheekeylr@yellowpages.com,Male,165.90.217.51
785,Aldus,Coutthart,acoutthartls@webmd.com,Male,253.72.43.51
786,Laurent,Gitsham,lgitshamlt@vinaora.com,Male,24.172.55.211
787,Vance,Clausen,vclausenlu@bizjournals.com,Male,73.186.111.72
788,Fonz,Bouskill,fbouskilllv@mac.com,Male,217.223.187.18
789,Kathleen,Soggee,ksoggeelw@g.co,Female,78.52.99.52
790,Lavinie,Landsbury,llandsburylx@ibm.com,Female,30.148.226.44
791,Amalle,Finley,afinleyly@constantcontact.com,Female,106.252.111.179
792,Merry,Climson,mclimsonlz@wikispaces.com,Female,83.87.18.161
793,Chariot,Hargrave,chargravem0@sphinn.com,Male,181.127.11.162
794,Cherry,Gunn,cgunnm1@engadget.com,Female,10.170.115.124
795,Cirillo,Hayle,chaylem2@ow.ly,Male,138.167.110.216
796,Marie-ann,Roarty,mroartym3@ezinearticles.com,Female,121.90.38.185
797,Leonardo,Hitcham,lhitchamm4@indiatimes.com,Male,205.44.162.128
798,Forrester,Jeratt,fjerattm5@technorati.com,Male,164.11.11.227
799,Caroline,Godbold,cgodboldm6@cornell.edu,Female,211.83.124.41
800,Christophe,Campe,ccampem7@4shared.com,Polygender,52.127.83.7
801,Cassey,Priditt,cpridittm8@cmu.edu,Female,2.31.121.85
802,Dianne,Georghiou,dgeorghioum9@1688.com,Female,114.83.100.184
803,Gwenny,Worsalls,gworsallsma@wikimedia.org,Female,99.102.30.243
804,Stafani,Fortin,sfortinmb@msu.edu,Polygender,157.21.64.219
805,Catlaina,Elmar,celmarmc@springer.com,Non-binary,143.22.82.7
806,Inglis,Rayhill,irayhillmd@wunderground.com,Male,154.180.113.39
807,Annamarie,Schouthede,aschouthedeme@youtu.be,Female,26.221.73.170
808,Rickard,Baxster,rbaxstermf@imgur.com,Polygender,112.78.99.39
809,Vivi,MacTerlagh,vmacterlaghmg@t-online.de,Female,235.225.76.210
810,Viv,Crissil,vcrissilmh@photobucket.com,Female,114.82.22.251
811,Winnifred,Kaines,wkainesmi@digg.com,Agender,144.67.253.82
812,Benjamin,Clitheroe,bclitheroemj@indiatimes.com,Male,122.230.7.42
813,Ardeen,Harbottle,aharbottlemk@weibo.com,Female,208.58.250.43
814,Kaycee,Grima,kgrimaml@themeforest.net,Female,191.49.95.173
815,Dunc,Dorkins,ddorkinsmm@gravatar.com,Male,204.219.232.252
816,Tybalt,Sifflett,tsifflettmn@yellowbook.com,Male,241.211.18.246
817,Daune,Lowrance,dlowrancemo@goo.ne.jp,Female,83.15.160.122
818,Lowell,Curl,lcurlmp@acquirethisname.com,Male,127.118.161.154
819,Pepita,Burras,pburrasmq@mac.com,Female,58.213.147.157
820,Ignaz,Parradine,iparradinemr@squarespace.com,Male,129.191.127.198
821,Sim,Cuss,scussms@microsoft.com,Male,158.75.215.86
822,Rochella,Turbern,rturbernmt@twitpic.com,Female,208.131.32.27
823,Jacynth,Hacking,jhackingmu@mapquest.com,Female,22.205.45.173
824,Tam,Chevolleau,tchevolleaumv@wordpress.org,Genderfluid,120.21.7.21
825,Ivor,Berrisford,iberrisfordmw@wikispaces.com,Male,188.200.239.194
826,Griselda,Fairweather,gfairweathermx@epa.gov,Female,238.227.17.64
827,Daisy,Fattorini,dfattorinimy@oakley.com,Female,184.66.153.47
828,Barret,Larmouth,blarmouthmz@sitemeter.com,Male,68.237.37.13
829,Deborah,Foort,dfoortn0@printfriendly.com,Bigender,68.94.200.47
830,Tommy,Barhem,tbarhemn1@illinois.edu,Female,94.253.197.172
831,Romonda,Smaile,rsmailen2@cafepress.com,Female,96.23.141.139
832,Bert,Slingsby,bslingsbyn3@ihg.com,Male,174.39.246.12
833,Vince,Brosenius,vbroseniusn4@creativecommons.org,Male,249.56.119.63
834,Annamarie,McCarl,amccarln5@webnode.com,Female,208.95.57.77
835,Misha,Bourke,mbourken6@multiply.com,Female,159.47.36.145
836,Dela,Parrin,dparrinn7@homestead.com,Female,64.138.34.72
837,Dreddy,Ysson,dyssonn8@blogs.com,Female,36.251.103.168
838,Daryl,Parlatt,dparlattn9@princeton.edu,Male,154.85.237.92
839,Yves,Burtwistle,yburtwistlena@google.de,Male,124.248.206.52
840,Glenine,Garwell,ggarwellnb@friendfeed.com,Female,192.137.206.217
841,Bernete,Sacase,bsacasenc@amazon.co.uk,Female,95.222.104.86
842,Rudiger,Connal,rconnalnd@4shared.com,Male,100.86.243.13
843,Xenia,Sills,xsillsne@theguardian.com,Female,195.121.97.85
844,Sumner,Bolzmann,sbolzmannnf@europa.eu,Agender,96.254.91.235
845,Gale,Armsby,garmsbyng@1und1.de,Female,227.61.125.44
846,Caril,Orrocks,corrocksnh@sfgate.com,Female,112.162.185.155
847,Maury,Mashal,mmashalni@dell.com,Male,28.100.39.158
848,Gregor,Leamon,gleamonnj@examiner.com,Male,120.86.137.101
849,Dermot,Atthow,datthownk@economist.com,Male,238.248.52.210
850,Ethelda,Dodson,edodsonnl@google.fr,Female,0.252.64.248
851,Gene,Bonefant,gbonefantnm@europa.eu,Male,233.19.239.130
852,Saleem,Cardiff,scardiffnn@exblog.jp,Male,92.126.229.226
853,Mordecai,Lynett,mlynettno@ustream.tv,Male,128.82.20.171
854,Travus,Oldrey,toldreynp@npr.org,Male,88.105.120.180
855,Gracia,Tivenan,gtivenannq@businessweek.com,Female,5.203.236.139
856,Grenville,Pimlett,gpimlettnr@mapquest.com,Male,147.117.84.176
857,Abby,Winsiowiecki,awinsiowieckins@wsj.com,Male,20.245.203.29
858,Arabela,Bonny,abonnynt@surveymonkey.com,Female,67.53.160.165
859,Alwyn,Coles,acolesnu@nhs.uk,Male,170.140.224.148
860,Cheri,Littlejohn,clittlejohnnv@springer.com,Female,105.172.219.57
861,Elbert,Wais,ewaisnw@jigsy.com,Male,11.207.154.37
862,Lorrie,Caile,lcailenx@ow.ly,Female,180.69.167.45
863,Iggie,Ebbage,iebbageny@youtube.com,Male,131.239.2.34
864,Wilmette,Jamary,wjamarynz@cbslocal.com,Female,2.243.113.47
865,Viki,Coultish,vcoultisho0@bluehost.com,Female,26.42.96.19
866,Ole,Napoleone,onapoleoneo1@slideshare.net,Male,60.219.160.214
867,Othilie,Crevy,ocrevyo2@usatoday.com,Female,190.104.157.77
868,Brocky,Giff,bgiffo3@census.gov,Male,11.149.1.110
869,Malinde,Ronald,mronaldo4@tiny.cc,Female,20.205.27.198
870,Donielle,Kubatsch,dkubatscho5@cargocollective.com,Female,138.12.22.211
871,Klarrisa,Belin,kbelino6@hibu.com,Female,151.128.25.42
872,Candi,Ozintsev,cozintsevo7@arizona.edu,Female,76.243.220.224
873,Koren,Crown,kcrowno8@studiopress.com,Genderqueer,25.42.146.190
874,Norbert,Dymidowski,ndymidowskio9@guardian.co.uk,Male,132.36.139.98
875,Tova,Elies,teliesoa@weather.com,Female,136.53.35.46
876,Naoma,Ashenhurst,nashenhurstob@economist.com,Female,23.195.157.102
877,Eduardo,Larver,elarveroc@vk.com,Male,132.197.202.29
878,Quill,Whatham,qwhathamod@dropbox.com,Male,247.238.95.173
879,Xavier,Pretsel,xpretseloe@sitemeter.com,Male,219.249.9.94
880,Domenic,Roycroft,droycroftof@springer.com,Male,50.4.144.253
881,Dyan,Ludgate,dludgateog@toplist.cz,Female,123.218.222.225
882,Lynnea,Kinloch,lkinlochoh@about.com,Female,160.219.176.87
883,Maddy,Lymbourne,mlymbourneoi@craigslist.org,Male,9.29.46.233
884,Fanni,Alflatt,falflattoj@un.org,Female,105.158.61.72
885,Ambros,Edgler,aedglerok@yelp.com,Male,88.228.239.51
886,Callida,Stolle,cstolleol@printfriendly.com,Female,66.80.2.102
887,Arel,Shefton,asheftonom@irs.gov,Male,230.238.105.177
888,Jami,Vargas,jvargason@youtu.be,Female,28.249.24.84
889,Cora,Malin,cmalinoo@auda.org.au,Genderfluid,182.253.189.133
890,Ric,Wookey,rwookeyop@sciencedaily.com,Male,253.31.142.137
891,Harvey,Sall,hsalloq@istockphoto.com,Male,204.22.28.103
892,Prince,Yeats,pyeatsor@twitter.com,Male,221.152.125.227
893,Flint,Crutch,fcrutchos@accuweather.com,Male,182.103.223.7
894,Drugi,Rosensaft,drosensaftot@toplist.cz,Male,102.43.35.121
895,Budd,Milne,bmilneou@nhs.uk,Male,172.39.118.46
896,Stacy,Hinckes,shinckesov@washingtonpost.com,Male,100.20.225.108
897,Sheffy,Creane,screaneow@over-blog.com,Male,12.174.67.132
898,Fawnia,Shiel,fshielox@about.me,Non-binary,2.142.253.9
899,Brit,Close,bcloseoy@zdnet.com,Female,69.228.64.252
900,Lorene,Heenan,lheenanoz@comcast.net,Female,151.18.133.57
901,Katherina,Medforth,kmedforthp0@tamu.edu,Female,24.203.170.132
902,Kelley,Hourigan,khouriganp1@discovery.com,Female,54.156.161.199
903,Andromache,Dudson,adudsonp2@deviantart.com,Female,29.130.32.217
904,Adelind,Veck,aveckp3@shop-pro.jp,Female,19.34.85.43
905,Leland,Wall,lwallp4@shareasale.com,Male,249.134.58.59
906,Agustin,Winmill,awinmillp5@google.es,Male,229.247.24.74
907,Silvester,McQuilty,smcquiltyp6@liveinternet.ru,Male,81.168.207.121
908,Kellby,Eldritt,keldrittp7@php.net,Male,184.184.91.255
909,Guss,Itzkovsky,gitzkovskyp8@cpanel.net,Male,86.29.37.152
910,Arne,Mumm,amummp9@biglobe.ne.jp,Male,67.117.69.223
911,Alexandr,Baress,abaresspa@weather.com,Male,58.137.22.40
912,Jeana,Bexley,jbexleypb@drupal.org,Female,19.166.155.161
913,Fran,Braidman,fbraidmanpc@creativecommons.org,Non-binary,26.37.98.30
914,Joela,Longstaff,jlongstaffpd@linkedin.com,Female,243.2.62.168
915,Tresa,Eliyahu,teliyahupe@topsy.com,Female,53.61.130.225
916,Madlin,Tams,mtamspf@wikia.com,Female,195.153.191.197
917,Myrtice,Nodin,mnodinpg@acquirethisname.com,Female,106.64.29.56
918,Deeanne,Royston,droystonph@ifeng.com,Female,2.115.255.208
919,Radcliffe,Croney,rcroneypi@list-manage.com,Bigender,99.33.190.12
920,Dwain,Ackers,dackerspj@statcounter.com,Male,4.239.39.150
921,Kiel,Bestman,kbestmanpk@deviantart.com,Male,241.25.29.255
922,Rochell,Kimmings,rkimmingspl@google.ca,Female,0.205.174.146
923,Jud,Cracie,jcraciepm@alexa.com,Male,222.8.100.117
924,Araldo,Cansdell,acansdellpn@yahoo.com,Male,8.41.232.211
925,Maryann,Purseglove,mpurseglovepo@gizmodo.com,Female,63.164.231.75
926,Darcey,Reyburn,dreyburnpp@yahoo.co.jp,Female,175.132.227.53
927,Gertrude,Rampling,gramplingpq@yelp.com,Female,139.253.30.132
928,Chandler,Comi,ccomipr@geocities.com,Male,75.111.79.251
929,Randa,Bibbie,rbibbieps@weather.com,Female,158.229.193.163
930,Broderic,Ahearne,bahearnept@zimbio.com,Male,172.250.49.101
931,Marten,Pugsley,mpugsleypu@walmart.com,Male,202.254.158.78
932,Thorsten,Messer,tmesserpv@addthis.com,Genderqueer,86.134.111.105
933,Farly,Karel,fkarelpw@ft.com,Male,113.14.53.68
934,Uriah,Philippou,uphilippoupx@vimeo.com,Male,157.216.19.218
935,Wakefield,Muskett,wmuskettpy@fotki.com,Male,71.107.248.2
936,Mersey,Gateland,mgatelandpz@nature.com,Female,118.209.52.184
937,Neron,Matsell,nmatsellq0@ehow.com,Male,142.32.122.96
938,Laureen,Tanswill,ltanswillq1@sohu.com,Female,137.202.165.82
939,Georgianna,Dayley,gdayleyq2@wunderground.com,Female,84.129.164.51
940,Frannie,Critten,fcrittenq3@usgs.gov,Male,148.49.61.222
941,Hadrian,Benitez,hbenitezq4@netvibes.com,Male,173.114.171.248
942,Jerry,Carlino,jcarlinoq5@elpais.com,Female,178.244.192.198
943,Augusto,Wanka,awankaq6@fc2.com,Male,245.250.98.243
944,Ethyl,Kristoffersson,ekristofferssonq7@trellian.com,Female,165.223.24.94
945,Emili,Simeons,esimeonsq8@tinyurl.com,Female,180.199.235.0
946,Keane,Daville,kdavilleq9@time.com,Male,224.168.99.92
947,Oona,Harnor,oharnorqa@fastcompany.com,Agender,181.8.25.147
948,Barnebas,Warre,bwarreqb@opensource.org,Male,195.193.9.34
949,Aeriell,Ewens,aewensqc@archive.org,Female,222.109.76.161
950,Claudetta,Lerway,clerwayqd@sphinn.com,Female,48.139.156.106
951,Erwin,Alvares,ealvaresqe@blogspot.com,Male,226.27.129.201
952,Katuscha,Richardson,krichardsonqf@mapquest.com,Bigender,77.214.179.100
953,Weston,Gleed,wgleedqg@ucoz.com,Male,64.101.217.222
954,Edie,Tibbits,etibbitsqh@github.io,Female,241.60.26.56
955,Blakeley,Ortelt,borteltqi@squidoo.com,Female,194.145.172.194
956,Kalle,Waplington,kwaplingtonqj@state.gov,Male,245.72.44.195
957,Mannie,Ellerman,mellermanqk@meetup.com,Male,186.200.32.10
958,Adriaens,Mochar,amocharql@mediafire.com,Female,154.179.68.16
959,Melonie,Walczak,mwalczakqm@csmonitor.com,Female,201.228.187.69
960,Cornall,Mathouse,cmathouseqn@marriott.com,Male,121.6.155.67
961,Derry,Coggan,dcogganqo@wordpress.org,Male,8.66.111.253
962,Kris,Papa,kpapaqp@miibeian.gov.cn,Female,120.161.228.95
963,L;urette,Loach,lloachqq@java.com,Female,169.100.26.179
964,Burlie,McDonough,bmcdonoughqr@nsw.gov.au,Male,160.51.24.4
965,Lynn,Izatson,lizatsonqs@wordpress.com,Male,36.108.247.248
966,Derril,Plunkett,dplunkettqt@live.com,Male,35.87.35.177
967,Elvera,McDermot,emcdermotqu@chron.com,Female,43.209.101.91
968,Demetris,Delgua,ddelguaqv@tripod.com,Female,236.188.12.73
969,Karon,Ledgard,kledgardqw@dion.ne.jp,Female,149.165.86.144
970,Xaviera,Bramstom,xbramstomqx@gmpg.org,Female,28.69.93.111
971,Niels,Pearlman,npearlmanqy@fema.gov,Male,139.116.232.205
972,Wylie,Tubb,wtubbqz@virginia.edu,Male,21.242.106.121
973,Almeta,Simonaitis,asimonaitisr0@macromedia.com,Female,143.30.34.39
974,Gerardo,Danilovich,gdanilovichr1@stumbleupon.com,Male,148.232.81.122
975,Valdemar,Toma,vtomar2@creativecommons.org,Male,213.246.46.210
976,Gustave,Chese,gcheser3@blogger.com,Polygender,6.189.5.62
977,Marlee,Kleinhausen,mkleinhausenr4@zdnet.com,Agender,8.226.209.174
978,Meryl,O'Scandall,moscandallr5@adobe.com,Male,135.49.15.77
979,Babbie,Corben,bcorbenr6@google.com,Female,226.79.253.200
980,Enrique,Gauld,egauldr7@reddit.com,Male,89.124.150.14
981,Vanda,Halbeard,vhalbeardr8@mapquest.com,Female,245.187.151.59
982,Franky,Balsellie,fbalsellier9@baidu.com,Female,233.41.158.54
983,Webb,Duns,wdunsra@tmall.com,Male,191.147.232.108
984,Allegra,Gossington,agossingtonrb@mayoclinic.com,Polygender,194.42.72.43
985,Marcella,Gehricke,mgehrickerc@ovh.net,Female,172.141.215.135
986,Dahlia,Oxbie,doxbierd@ihg.com,Female,129.196.247.194
987,Lorilyn,Anthoin,lanthoinre@miibeian.gov.cn,Female,82.167.1.241
988,Theo,Cardis,tcardisrf@tumblr.com,Female,11.112.192.169
989,Antonie,Hartness,ahartnessrg@seesaa.net,Female,185.127.176.35
990,Cariotta,Vine,cvinerh@eepurl.com,Agender,30.198.248.28
991,Midge,D'Hooge,mdhoogeri@phoca.cz,Female,76.115.238.67
992,Nonie,Lukock,nlukockrj@shareasale.com,Female,205.51.4.195
993,Matthew,Lively,mlivelyrk@sun.com,Male,250.3.240.243
994,Tynan,Forkan,tforkanrl@sakura.ne.jp,Male,56.145.173.154
995,Verne,Josupeit,vjosupeitrm@marriott.com,Male,19.167.136.4
996,Micheal,Wilshin,mwilshinrn@twitpic.com,Male,171.43.29.156
997,Kora,Briston,kbristonro@dagondesign.com,Female,213.37.247.101
998,Flo,Meas,fmeasrp@qq.com,Female,40.136.205.76
999,Alexis,Copp,acopprq@blog.com,Female,78.19.253.238
1000,Ardith,Meco,amecorr@feedburner.com,Female,70.170.50.234
